{
  "train_losses": [
    4.752758502960205,
    4.379417419433594,
    4.340911865234375,
    3.8717594146728516,
    3.6409473419189453,
    3.333864688873291,
    2.907315731048584,
    2.56469464302063,
    2.3330821990966797,
    2.168802499771118,
    1.9651473760604858,
    1.8555002212524414,
    1.7738497257232666,
    1.6671679019927979,
    1.6127382516860962,
    1.534989833831787,
    1.4926221370697021,
    1.45746648311615,
    1.4064816236495972,
    1.3700658082962036,
    1.3428622484207153,
    1.3218282461166382,
    1.2891333103179932,
    1.2892320156097412,
    1.281371831893921,
    1.2538882493972778,
    1.2412391901016235,
    1.2224630117416382,
    1.2105995416641235,
    1.2051293849945068,
    1.195685625076294,
    1.183794617652893,
    1.181290864944458,
    1.1803725957870483,
    1.1686837673187256,
    1.1611530780792236,
    1.1548216342926025,
    1.1477106809616089,
    1.1448237895965576,
    1.1522868871688843,
    1.1461973190307617,
    1.1428954601287842,
    1.1430325508117676,
    1.1367919445037842,
    1.139031171798706,
    1.1372804641723633,
    1.1239954233169556,
    1.1259644031524658,
    1.1361379623413086
  ],
  "val_losses": [
    4.822370529174805,
    4.4572553634643555,
    4.396195411682129,
    3.93864369392395,
    3.6690540313720703,
    3.3111367225646973,
    2.9231903553009033,
    2.614531993865967,
    2.3794522285461426,
    2.1785786151885986,
    2.015592098236084,
    1.8810163736343384,
    1.7867400646209717,
    1.6934620141983032,
    1.630448341369629,
    1.568369746208191,
    1.5097908973693848,
    1.4623088836669922,
    1.4203706979751587,
    1.404903769493103,
    1.3776028156280518,
    1.3527997732162476,
    1.3241503238677979,
    1.2989600896835327,
    1.2813880443572998,
    1.2720129489898682,
    1.2580678462982178,
    1.2354345321655273,
    1.2074220180511475,
    1.2113139629364014,
    1.2098110914230347,
    1.197749376296997,
    1.1839454174041748,
    1.1856780052185059,
    1.177026629447937,
    1.1749699115753174,
    1.1779725551605225,
    1.166414737701416,
    1.1596653461456299,
    1.152701735496521,
    1.1519412994384766,
    1.1587212085723877,
    1.1473240852355957,
    1.1419740915298462,
    1.150045394897461,
    1.1372357606887817,
    1.130355715751648,
    1.1458518505096436,
    1.1348888874053955
  ],
  "pathway_stats": {
    "fast_weight": [
      0.3801071494817734,
      0.36323206561307114,
      0.32788940658792853,
      0.3077598372474313,
      0.28758507982517284,
      0.2773178330389783,
      0.2693042468551236,
      0.2577502558706328,
      0.2775892112404108,
      0.2753552993138631,
      0.29144313631695695,
      0.2953521208449577,
      0.3158037776593119,
      0.31153379784276086,
      0.314570192383447,
      0.309355682557604,
      0.3164676094117264,
      0.31928015826269984,
      0.31160327258597437,
      0.3126698251774845,
      0.3274656819800536,
      0.32084502713405527,
      0.33611383780953474,
      0.33915030695303966,
      0.33500484013347887,
      0.3459565958667857,
      0.36304820072837174,
      0.3679738874780014,
      0.3685931164363865,
      0.3801735660235863,
      0.3742825611261651,
      0.38896665572732064,
      0.3965135388862109,
      0.39726820079764974,
      0.4043545305466978,
      0.4010015498206485,
      0.39926994847580016,
      0.40441712270937086,
      0.4123326165329975,
      0.4177254764775474,
      0.41460504577844404,
      0.41993877524510026,
      0.4193891748582246,
      0.41954230872215703,
      0.42329584089748096,
      0.41994044616391574,
      0.41844262007361976,
      0.42104597117577214,
      0.4257261861906348
    ],
    "slow_weight": [
      0.6198928405841192,
      0.6367679287989935,
      0.6721105873584747,
      0.6922401537497839,
      0.712414930264155,
      0.7226821631193161,
      0.7306957443555196,
      0.7422497471173605,
      0.7224107782046,
      0.724644715587298,
      0.7085568855206171,
      0.704647903641065,
      0.6841962188482285,
      0.6884662210941315,
      0.6854298214117686,
      0.6906443188587824,
      0.6835323870182037,
      0.6807198176781336,
      0.6883967419465383,
      0.6873301565647125,
      0.672534316778183,
      0.6791549821694692,
      0.6638861646254858,
      0.6608496755361557,
      0.6649951835473379,
      0.6540434062480927,
      0.636951799194018,
      0.632026103635629,
      0.6314068883657455,
      0.6198264310757319,
      0.6257174611091614,
      0.6110333502292633,
      0.6034864783287048,
      0.6027318065365156,
      0.5956454500555992,
      0.5989984547098478,
      0.6007300466299057,
      0.5955828775962194,
      0.587667373319467,
      0.5822745089729627,
      0.58539496610562,
      0.5800612245996793,
      0.5806108365456263,
      0.5804576873779297,
      0.5767041643460592,
      0.5800595680872599,
      0.5815573930740356,
      0.5789540310700735,
      0.5742738172411919
    ],
    "balance": [
      0.23978569110234582,
      0.2735358631859223,
      0.3442211807705462,
      0.3844803165023526,
      0.4248298504389822,
      0.4453643300803378,
      0.46139149750039604,
      0.48449949124672764,
      0.4448215669641892,
      0.44928941627343494,
      0.4171137492036602,
      0.4092957827961073,
      0.36839244118891656,
      0.3769324232513706,
      0.37085962902832154,
      0.38128863630117843,
      0.3670647776064773,
      0.36143965941543377,
      0.37679346936056396,
      0.37466033138722804,
      0.3450686347981294,
      0.35830995503541396,
      0.32777232681595103,
      0.32169936858311604,
      0.329990343413859,
      0.308086810381307,
      0.27390359846564627,
      0.26405221615762764,
      0.26281377192935906,
      0.23965286505214556,
      0.2514348999829963,
      0.22206669450194266,
      0.20697293944249395,
      0.20546360573886585,
      0.19129091950890142,
      0.1979969048891993,
      0.20146009815410554,
      0.19116575488684856,
      0.17533475678646943,
      0.16454903249541536,
      0.170789920327176,
      0.1601224493545791,
      0.1612216616874017,
      0.16091537865577266,
      0.15340832344857824,
      0.16011912192334415,
      0.16311477300041588,
      0.15790805989430134,
      0.14854763105055707
    ]
  },
  "memory_stats": {
    "utilization": [
      0.06901259471972783,
      0.20024525374174118,
      0.2593301758170128,
      0.20097897574305534,
      0.22445124511917433,
      0.227071492622296,
      0.22924907753864923,
      0.23141123726963997,
      0.22384095191955566,
      0.2426559068262577,
      0.25019662703077,
      0.24313470100363097,
      0.19792753085494041,
      0.2292926050722599,
      0.24396110574404398,
      0.2643764664729436,
      0.2206882673005263,
      0.27074260885516804,
      0.3078606215616067,
      0.309859915326039,
      0.32132753481467563,
      0.3001393179098765,
      0.33954329167803127,
      0.33254701644182205,
      0.32119573404391605,
      0.29372188573082286,
      0.3333438038825989,
      0.35417206833759945,
      0.33106279745697975,
      0.376110536356767,
      0.30351120854417485,
      0.3325145939985911,
      0.38199035947521526,
      0.3504970570405324,
      0.3988211899995804,
      0.38538870215415955,
      0.35031463329990703,
      0.3627016494671504,
      0.3915630343059699,
      0.4048197865486145,
      0.3912125652035077,
      0.37811074902613956,
      0.38307341436545056,
      0.40070676679412526,
      0.4122936750451724,
      0.37001201262076694,
      0.3861691715816657,
      0.36607930685083073,
      0.39276255418856937
    ]
  },